{
    "Random Gaussian": {
        "mean": [0],
        "std": [1],
        "dim": [8, 16, 32, 64, 128, 256]
    },
    "Matrix Factorization": {
        "dim": [8, 16, 32, 64, 128, 256],
        "weight_decay": [0.3, 0.2, 0.1, 0.05, 0.01]
    },
    "Spectral Embedding": {
        "dim": [8, 16, 32, 64, 128, 256],
        "mode": ["normalized", "side normalized", "unnormalized"]
    },
    "Node2Vec": {
        "embedding_dim": [8, 16, 32, 64, 128, 256],
        "walk_length": [1, 2, 4, 8, 16, 32],
        "context_size": [1, 2, 3, 4, 5, 6],
        "walks_per_node": [1, 2, 4, 8, 16],
        "p": [0.1, 0.25, 0.5, 0.75, 1.0, 1.25, 1.5, 1.75, 2, 4, 8, 16],
        "q": [0.1, 0.25, 0.5, 0.75, 1.0, 1.25, 1.5, 1.75, 2, 4, 8, 16],
        "num_negative_samples": [1, 2, 4, 8, 16],
        "sparse": [true]
    },
    "Logistic Regression": {
        "C": [0.001, 0.01, 0.1, 1.0, 10, 100, 1000]
    },
    "MLP": {
        "hidden_layer_sizes": [[50], [50, 2], [50, 3], [100], [100, 2], [100, 3], [200], [200, 2], [200, 3], [400], [400, 2], [400, 3]],
        "alpha": [0.000001, 0.00001, 0.0001, 0.001, 0.01, 0.1, 1.0, 10.0]
    },
    "Naive Bayes": {},
    "KNN": {
        "n_neighbors": [1, 3, 5, 7],
        "weights": ["uniform", "distance"],
        "metric": ["cosine", "l1", "l2"]
    }
}